{
  "Total" : {
    "transaction" : "Total",
    "sampleCount" : 2000,
    "errorCount" : 0,
    "errorPct" : 0.0,
    "meanResTime" : 2784.477999999999,
    "medianResTime" : 2399.0,
    "minResTime" : 636.0,
    "maxResTime" : 5910.0,
    "pct1ResTime" : 5398.8,
    "pct2ResTime" : 5533.95,
    "pct3ResTime" : 5845.99,
    "throughput" : 225.93764121102575,
    "receivedKBytesPerSec" : 23.60871836873023,
    "sentKBytesPerSec" : 37.5091787166742
  },
  "Actuator-health" : {
    "transaction" : "Actuator-health",
    "sampleCount" : 1000,
    "errorCount" : 0,
    "errorPct" : 0.0,
    "meanResTime" : 4109.224000000001,
    "medianResTime" : 4211.0,
    "minResTime" : 2334.0,
    "maxResTime" : 5910.0,
    "pct1ResTime" : 5533.9,
    "pct2ResTime" : 5744.0,
    "pct3ResTime" : 5880.99,
    "throughput" : 124.5019920318725,
    "receivedKBytesPerSec" : 13.860573331673306,
    "sentKBytesPerSec" : 20.79085999750996
  },
  "Actuator-Info" : {
    "transaction" : "Actuator-Info",
    "sampleCount" : 1000,
    "errorCount" : 0,
    "errorPct" : 0.0,
    "meanResTime" : 1459.731999999998,
    "medianResTime" : 1472.0,
    "minResTime" : 636.0,
    "maxResTime" : 2846.0,
    "pct1ResTime" : 1930.8,
    "pct2ResTime" : 2117.499999999999,
    "pct3ResTime" : 2705.87,
    "throughput" : 153.56265356265357,
    "receivedKBytesPerSec" : 14.996352886977888,
    "sentKBytesPerSec" : 25.34383637899263
  }
}